,Name,Balance,Holdings,Profit/Loss
2,0Army.io,12000.00000,0.00000,0.00000
1,ABGRT,0.57600,465.68960,nan
6,APE8.io,10000.00000,0.00000,nan
7,BNB,0.00000,0.00000,0.00000
0,DBT,440.00000,725.68870,3.90218
3,HLDK,0.00000,0.00000,0.00000
5,usdswap.io,1286698.00000,0.00000,23.23378
4,,80000000000000000000000.00000,0.00000,23.23016
